{"cameraMode":{"drawMode":0,"name":"Shaded","section":"Shading Mode"},"sceneLighting":false,"audioPlay":false,"sceneViewState":{"showFog":true,"showMaterialUpdate":true,"showSkybox":true,"showFlares":true,"showImageEffects":true,"showParticleSystems":true},"in2DMode":false,"pivot":{"x":-12.598410606384278,"y":2.6249966621398927,"z":0.2463652789592743},"rotation":{"x":0.24812328815460206,"y":-0.4098692536354065,"z":0.11682642996311188,"w":0.869938850402832},"size":40.503414154052737,"orthographic":false}