{"cameraMode":{"drawMode":0,"name":"Shaded","section":"Shading Mode"},"sceneLighting":true,"audioPlay":false,"sceneViewState":{"showFog":true,"showMaterialUpdate":true,"showSkybox":true,"showFlares":true,"showImageEffects":true,"showParticleSystems":true},"in2DMode":false,"pivot":{"x":0.18195462226867677,"y":0.291088342666626,"z":-0.7683863043785095},"rotation":{"x":-0.27213263511657717,"y":-0.5883912444114685,"z":0.21971184015274049,"w":-0.7290173768997192},"size":5.548232555389404,"orthographic":false}