{"cameraMode":{"drawMode":0,"name":"Shaded","section":"Shading Mode"},"sceneLighting":false,"audioPlay":false,"sceneViewState":{"showFog":true,"showMaterialUpdate":true,"showSkybox":true,"showFlares":true,"showImageEffects":true,"showParticleSystems":true},"in2DMode":false,"pivot":{"x":0.6042850017547607,"y":1.8760311603546143,"z":4.625179767608643},"rotation":{"x":0.11847655475139618,"y":0.7681081891059876,"z":-0.14883220195770265,"w":0.6114099621772766},"size":4.9480180740356449,"orthographic":false}