{"cameraMode":{"drawMode":0,"name":"Shaded","section":"Shading Mode"},"sceneLighting":true,"audioPlay":false,"sceneViewState":{"showFog":true,"showMaterialUpdate":true,"showSkybox":true,"showFlares":true,"showImageEffects":true,"showParticleSystems":true},"in2DMode":false,"pivot":{"x":1.3733365535736085,"y":1.0933079719543458,"z":-0.09129452705383301},"rotation":{"x":-0.044002532958984378,"y":0.9542526602745056,"z":-0.23655766248703004,"w":-0.17749981582164765},"size":2.7275140285491945,"orthographic":false}