{"cameraMode":{"drawMode":0,"name":"Shaded","section":"Shading Mode"},"sceneLighting":true,"audioPlay":false,"sceneViewState":{"showFog":true,"showMaterialUpdate":true,"showSkybox":true,"showFlares":true,"showImageEffects":true,"showParticleSystems":true},"in2DMode":false,"pivot":{"x":7.389298915863037,"y":1.4237194061279297,"z":2.383026123046875},"rotation":{"x":0.19665923714637757,"y":0.022059082984924318,"z":-0.004424800164997578,"w":0.9802137613296509},"size":23.655349731445314,"orthographic":false}