{"cameraMode":{"drawMode":0,"name":"Shaded","section":"Shading Mode"},"sceneLighting":false,"audioPlay":false,"sceneViewState":{"showFog":true,"showMaterialUpdate":true,"showSkybox":true,"showFlares":true,"showImageEffects":true,"showParticleSystems":true},"in2DMode":false,"pivot":{"x":-0.7887434959411621,"y":10.173646926879883,"z":0.8311634063720703},"rotation":{"x":-0.01622307486832142,"y":-0.9836997985839844,"z":0.1315145194530487,"w":-0.12155476212501526},"size":22.563587188720704,"orthographic":false}