{"cameraMode":{"drawMode":0,"name":"Shaded","section":"Shading Mode"},"sceneLighting":true,"audioPlay":false,"sceneViewState":{"showFog":true,"showMaterialUpdate":true,"showSkybox":true,"showFlares":true,"showImageEffects":true,"showParticleSystems":true},"in2DMode":false,"pivot":{"x":-0.1872544288635254,"y":-0.033338963985443118,"z":3.9352846145629885},"rotation":{"x":0.06067817285656929,"y":0.8771098852157593,"z":-0.1151171326637268,"w":0.46232497692108157},"size":3.4548115730285646,"orthographic":false}