{"cameraMode":{"drawMode":0,"name":"Shaded","section":"Shading Mode"},"sceneLighting":true,"audioPlay":false,"sceneViewState":{"showFog":true,"showMaterialUpdate":true,"showSkybox":true,"showFlares":true,"showImageEffects":true,"showParticleSystems":true},"in2DMode":false,"pivot":{"x":-2.2061400413513185,"y":4.8154802322387699,"z":3.342190742492676},"rotation":{"x":-0.09050562977790833,"y":0.07724986970424652,"z":-0.007015276700258255,"w":-0.992870569229126},"size":3.8339219093322756,"orthographic":false}