{"cameraMode":{"drawMode":0,"name":"Shaded","section":"Shading Mode"},"sceneLighting":true,"audioPlay":false,"sceneViewState":{"showFog":true,"showMaterialUpdate":true,"showSkybox":true,"showFlares":true,"showImageEffects":true,"showParticleSystems":true},"in2DMode":false,"pivot":{"x":0.6668739318847656,"y":0.24348878860473634,"z":-0.6813255548477173},"rotation":{"x":0.44065627455711367,"y":0.24255533516407014,"z":-0.12506337463855744,"w":0.8551890254020691},"size":5.964315891265869,"orthographic":false}